psnprofiles,matching
2010 FIFA World Cup,2010 FIFA World Cup South Africa
3D DOT GAME HEROES,3D Dot Game Heroes
50 Cent: Blood On The Sand,50 Cent: Blood on the Sand
ACE COMBAT ASSAULT HORIZON,A.C.E.: Another Century's Episode R
ACE COMBAT INFINITY,A.C.E.: Another Century's Episode R
AKIBA'S TRIP: Undead ＆ Undressed,Akiba's Trip: Undead & Undressed
Aliens vs Predator,Aliens Versus Predator
Alone In The Dark,Alone in the Dark (2008)
ANARCHY REIGNS,Anarchy Reigns
Anarchy: Rush Hour,Anarchy Reigns
Assassin's Creed Freedom Cry,Assassin's Creed II
Assassin's Creed III Liberation,Assassin's Creed III
Assassin's Creed Liberation HD,Assassin's Creed III
Assassin's Creed IV Black Flag,Assassin's Creed IV: Black Flag
AC Brotherhood,Assassin's Creed: Brotherhood
AC Revelations,Assassin's Creed: Revelations
Batman: Arkham Origins Blackgate,Batman: Arkham Origins
Batman: Arkham Origins Blackgate - Deluxe Edition,Batman: Arkham Origins
Battlefield 1943,Battlefield 3
BINARY DOMAIN,Binary Domain
Bionic Commando Rearmed,Bionic Commando
Bionic Commando Rearmed 2,Bionic Commando
Borderlands: Game of the Year Edition,Borderlands
Burnout CRASH!,Burnout Paradise: The Ultimate Box
Burnout Paradise,Burnout Paradise: The Ultimate Box
Buzz! Junior: Dino Den,Buzz! Brain of the UK
BUZZ! Junior: Monsters,Buzz! Brain of the UK
BUZZ! Junior: RoboJam,Buzz! Brain of the UK
Buzz!: Brain of...,Buzz! Brain of the UK
Buzz!: Quiz TV,Buzz! The Ultimate Music Quiz
Buzz!: Quiz World,Buzz! The Ultimate Music Quiz
Buzz!: The Ultimate Music Quiz,Buzz! The Ultimate Music Quiz
Cabela's Outdoor Adventures,Cabela's North American Adventures
Call of Duty Classic,Call of Duty 4: Modern Warfare
Advanced Warfare,Call of Duty: Advanced Warfare
Call of Duty Black Ops: Declassified,Call of Duty: Black Ops
Call of Duty Ghosts,Call of Duty: Ghosts
Modern Warfare 2,Call of Duty: Modern Warfare 2
Modern Warfare 3,Call of Duty: Modern Warfare 3
Call of Juarez Gunslinger,Call of Juarez: The Cartel
Cars: Race-O-Rama,Cars Race-O-Rama
Castlevania: Harmony of Despair,Castlevania: Lords of Shadow
Castlevania: Lords of Shadow - Mirror of Fate HD,Castlevania: Lords of Shadow
CATHERINE,Catherine
CLANNAD,Clannad
CLASH OF THE TITANS,Clash of the Titans
CLOUDY WITH A CHANCE OF MEATBALLS,Cloudy With a Chance of Meatballs
CONCEPTION II Children of the Seven Stars,Conan
Crysis2,Crysis 2
Crysis3,Crysis 3
CSI: Fatal Conspiracy,CSI: Crime Scene Investigation: Fatal Conspiracy
DanceDanceRevolution New Moves,DanceDanceRevolution
DARK SOULS,Dark Souls
DARK SOULS Ⅱ,Dark Souls II
Dead Island Riptide,Dead Island: Riptide
DEAD ISLAND RIPTIDE,Dead Island: Riptide
Dead Island Riptide,Dead Island: Riptide
DEAD OR ALIVE 5,Dead or Alive 5
DEAD OR ALIVE 5 Last Round,Dead or Alive 5
DEAD OR ALIVE 5 PLUS,Dead or Alive 5
DEAD OR ALIVE 5 Ultimate,Dead or Alive 5
Dead Rising 2: Off The Record,Dead Rising 2: Off the Record
Dead Space Extraction,Dead Space
Dead Space 2 - DE,Dead Space 2
Dead Space Ignition,Dead Space 3
Dead To Rights: Retribution,Dead to Rights: Retribution
Deadliest Warrior: Legends,Deadliest Warrior: Ancient Combat
Deadliest Warrior: The Game,Deadliest Warrior: Ancient Combat
Deadly Premonition: The Director's Cut,Deadly Premonition
Devil May Cry HD,Devil May Cry HD Collection
Diablo III: Reaper of Souls,Diablo III
Disgaea 3,Disgaea 3: Absence of Justice
Disgaea 3: Absence of Detention,Disgaea 3: Absence of Justice
Disgaea 4,Disgaea 4: A Promise Unforgotten
DuckTales: Remastered,Disney DuckTales Remastered
Disney•Pixar Toy Story Mania!,Disney/Pixar Toy Story 3
DmC Devil May Cry,DmC: Devil May Cry
DOOM 3,Doom 3 BFG Edition
DRIVECLUB,Driveclub
DRIVER San Francisco,Driver: San Francisco
Duke Nukem 3D: Megaton Edition,Duke Nukem Forever
Dungeons & Dragons: Chronicles of Mystara,Dungeons & Dragons: Shadow Over Mystara
DYNASTY WARRIORS 7 Empires,Dynasty Warriors 7 Empires
DYNASTY WARRIORS 7: Xtreme Legends,Dynasty Warriors 7: Xtreme Legends
DYNASTY WARRIORS 8,Dynasty Warriors 8
DYNASTY WARRIORS 8: Xtreme Legends,Dynasty Warriors 8 Empires
DYNASTY WARRIORS NEXT,Dynasty Warriors 8 Empires
DYNASTY WARRIORS: GUNDAM 2,Dynasty Warriors: Gundam 2
DYNASTY WARRIORS: GUNDAM 3,Dynasty Warriors: Gundam 3
DYNASTY WARRIORS: GUNDAM Reborn,Dynasty Warriors: Gundam 3
EA SPORTS Active 2,EA Sports Active 2
EA SPORTS MMA,EA Sports MMA
EA SPORTS UFC,EA Sports UFC
EarthDefenseForce 2025,Earth Defense Force: Insect Armageddon
Eat Lead,Eat Lead: The Return of Matt Hazard
El Shaddai ASCENSION OF THE METATRON ,El Shaddai: Ascension of the Metatron
ENSLAVED: Odyssey to the West,Enslaved: Odyssey to the West
Eufloria HD,Eternal Sonata
F1 2013,F1 2013
FALLOUT 3,Fallout 3
Family Guy: Back To The Multiverse,Family Guy: Back to the Multiverse
Far Cry 3 Blood Dragon,Far Cry 3
FARCRY CLASSIC,Far Cry 4
Farming Simulator,Farming Simulator 2013
Ferrari Challenge,Ferrari Challenge Trofeo Pirelli
Ferrari Racing Legends,Ferrari Challenge Trofeo Pirelli
Ferrari The Race Experience,Ferrari Challenge Trofeo Pirelli
FIFA 09,FIFA Soccer 09
FIFA 10,FIFA Soccer 10
FIFA 11,FIFA Soccer 11
FIFA 12,FIFA Soccer 12
FIFA 13,FIFA Soccer 13
FIGHT NIGHT CHAMPION,Fight Night Champion
FIGHT NIGHT ROUND 4,Fight Night Round 4
FINAL FANTASY X HD Remaster,Final Fantasy X / X-2 HD Remaster
FINAL FANTASY X-2 HD Remaster,Final Fantasy X / X-2 HD Remaster
FINAL FANTASY XIII,Final Fantasy XIII
FINAL FANTASY XIII-2,Final Fantasy XIII-2
FINAL FANTASY XIV: A Realm Reborn,Final Fantasy XIV Online: A Realm Reborn
Fist of the North Star: Ken’s Rage 2,Fist of the North Star: Ken's Rage 2
FUEL,Fuel
GHOSTBUSTERS: The Video Game,Ghostbusters: The Video Game
God of War,God of War Collection
God of War II,God of War III
God of War: Chains of Olympus,God of War Origins Collection
God of War: Ghost of Sparta,God of War Origins Collection
Gran Turismo6,Gran Turismo 6
GTA IV,Grand Theft Auto IV
GUILTY GEAR Xrd -SIGN-,Guilty Gear Xrd -SIGN-
GUILTY GEAR XX ΛCORE PLUS,Guilty Gear Xrd -SIGN-
Guitar Hero Hits,Guitar Hero 5
Guitar Hero Metallica,Guitar Hero: Metallica
Guitar Hero Van Halen,Guitar Hero: Van Halen
Harry Potter and the Deathly Hallows - Part 1,"Harry Potter and the Deathly Hallows, Part 1"
Harry Potter and the Deathly Hallows - Part 2,"Harry Potter and the Deathly Hallows, Part 2"
Hatsune Miku: Project DIVA F,Hatsune Miku: Project Diva f
Hatsune Miku: Project DIVA f,Hatsune Miku: Project Diva f
Heavy Fire: Shattered Spear,Heavy Fire: Afghanistan
HEAVY RAIN,Heavy Rain
Hitman: Blood Money,Hitman: Absolution
Hitman: Contracts,Hitman: Absolution
Hitogata Happa,Hitman: Absolution
Hyperdimension Neptunia mk2,Hyperdimension Neptunia MK2
I AM ALIVE,Hyperdimension Neptunia Victory
ibb & obb,Hyperdimension Neptunia Victory
Ice Age 3,Hyperdimension Neptunia Victory
Ice Age 4: Continental Drift: Arctic Games,Hyperdimension Neptunia Victory
inFAMOUS First Light,inFamous
inFAMOUS: Festival of Blood,inFamous
inFAMOUS 2,inFamous 2
inFAMOUS Second Son,inFamous: Second Son
Injustice,Injustice: Gods Among Us
Injustice: Gods Among Us Ultimate Edition,Injustice: Gods Among Us
Invizimals: The Lost Kingdom ,Invizimals: The Lost Kingdom
Jak and Daxter: The Precursor Legacy,Jak and Daxter Collection
James Cameron's AVATAR: THE GAME,James Cameron's Avatar: The Game
Jimmie Johnson's Anything With An Engine,Jimmie Johnson's Anything With an Engine
JOJO'S BIZARRE ADVENTURE HD Ver.,JoJo's Bizarre Adventure All-Star Battle
JoJo's Bizarre Adventure: All-Star Battle,JoJo's Bizarre Adventure All-Star Battle
Just Dance 3 ,Just Dance 3
KILLER IS DEAD,Killer Is Dead
Killzone,Killzone 2
Killzone Mercenary,Killzone 2
Killzone 3 Multiplayer,Killzone 3
Killzone Shadow Fall,Killzone: Shadow Fall
Killzone Shadow Fall Intercept,Killzone: Shadow Fall
KINGDOM HEARTS 358/2 Days,Kingdom Hearts
KINGDOM HEARTS Birth by Sleep FINAL MIX,Kingdom Hearts
KINGDOM HEARTS FINAL MIX,Kingdom Hearts
KINGDOM HEARTS Re:Chain of Memories,Kingdom Hearts
KINGDOM HEARTS Re:coded,Kingdom Hearts
KINGDOM HEARTS II FINAL MIX,Kingdom Hearts II
KNACK,Knack
Kung Fu Panda 2,Kung Fu Panda 2: The Video Game
Legend of the Guardians: The Owls of Ga'hoole,Legend of the Guardians: The Owls of Ga'Hoole
LEGO Batman 3,LEGO Batman 3: Beyond Gotham
LEGO Indiana Jones 2: The Adventure Continues,Lego Indiana Jones 2: The Adventure Continues
LEGO MARVEL Super Heroes,LEGO Marvel Super Heroes
LEGO MARVEL Super Heroes: Universe in Peril,LEGO Marvel Super Heroes
LEGO Pirates of the Caribbean The Video Game,LEGO Pirates of the Caribbean: The Video Game
LEGO Rock Band,Lego Rock Band
LEGO The Hobbit ,LEGO The Hobbit
Leisure Suit Larry Box Office Bust,Leisure Suit Larry: Box Office Bust
LIGHTNING RETURNS: FINAL FANTASY XIII,Lightning Returns: Final Fantasy XIII
LittleBigPlanet PlayStationVita,LittleBigPlanet
LittleBigPlanet2,LittleBigPlanet 2
LittleBigPlanet3,LittleBigPlanet 3
LOLLIPOP CHAINSAW,Lollipop Chainsaw
London 2012,London 2012 - The Official Video Game of the Olympic Games
LOST PLANET 2,Lost Planet 2
Madagascar 3,Madagascar Escape 2 Africa
Madagascar Kartz,Madagascar Escape 2 Africa
MARVEL VS. CAPCOM 3,Marvel vs. Capcom 3: Fate of Two Worlds
Mass Effect,Mass Effect Trilogy
Medal of Honor Frontline,Medal of Honor
Medal of Honor Warfighter,Medal of Honor: Warfighter
Medieval Moves,Medieval Moves: Deadmund's Quest
METAL GEAR RISING: REVENGEANCE,Metal Gear Rising: Revengeance
METAL GEAR SOLID 4,Metal Gear Solid 4: Guns of the Patriots
METAL GEAR SOLID V: GROUND ZEROES,Metal Gear Solid V: Ground Zeroes
METAL GEAR SOLID PEACE WALKER HD EDITION,Metal Gear Solid: Peace Walker
Minecraft: PlayStation3 Edition,Minecraft
Minecraft: PlayStation4 Edition,Minecraft
Minecraft: PlayStationVita Edition,Minecraft
MiNi NiNJAS,Mini Ninjas
MLB 09 The Show,MLB 09: The Show
MLB 10 The Show,MLB 10: The Show
MLB 11 The Show,MLB 11: The Show
MLB 12 The Show (PS3),MLB 12: The Show
MLB 13 The Show (PS3),MLB 13: The Show
MLB 13 The Show Home Run Derby Edition,MLB 13: The Show
MLB 14 The Show,MLB 14: The Show
MOBILE SUIT GUNDAM BATTLEFIELD RECORD U.C.0081,Mobile Suit Gundam Battlefield Record U.C. 0081
ModNation Racers: Road Trip,ModNation Racers
MONOPOLY FAMILY FUN PACK,Monopoly
MONOPOLY Streets,Monopoly Streets
Monsters vs. Aliens (TM),Monsters vs. Aliens
MORTAL KOMBAT: Arcade Kollection,Mortal Kombat
MotoGP14,MotoGP 14
MOTORSTORM RC,MotorStorm
MOTORSTORM: APOCALYPSE,MotorStorm: Apocalypse
MX vs ATV Reflex,MX vs. ATV Untamed
My Fitness Coach – Club,My Fitness Coach Club
NARUTO SHIPPUDEN: Ultimate Ninja: STORM 2,Naruto Shippuden: Ultimate Ninja Storm 2
NARUTO STORM 3,Naruto Shippuden: Ultimate Ninja Storm 3
NARUTO SHIPPUDEN: Ultimate Ninja STORM Generations,Naruto Shippuden: Ultimate Ninja Storm Generations
NARUTO STORM R,Naruto Shippuden: Ultimate Ninja Storm Revolution
NASCAR The Game 2011,NASCAR 2011: The Game
Nat Geo Quiz! Wild Life,Nat Geo Challenge! Wild Life
Naughty Bear: Panic in Paradise,Naughty Bear
NBA 2K10: Draft Combine,NBA 2K10
NBA JAM,NBA Jam
NBA JAM: On Fire Edition,NBA Jam
NBA LIVE 10,NBA Live 10
NBA Unrivaled,NBA Street Homecourt
NCIS Game,NCIS
Need for Speed Hot Pursuit,Need for Speed: Hot Pursuit
Need for Speed Most Wanted,Need for Speed: Most Wanted - A Criterion Game
Need for Speed Rivals,Need for Speed: Rivals
Need for Speed SHIFT,Need for Speed: Shift
Need for Speed The Run,Need for Speed: The Run
Need for Speed Undercover,Need for Speed: Undercover
EA SPORTS NHL 10,NHL 10
EA SPORTS NHL 11,NHL 11
EA SPORTS NHL 12,NHL 12
EA SPORTS NHL 13,NHL 13
EA SPORTS NHL 14,NHL 14
EA SPORTS NHL 15,NHL 15
NINJA GAIDEN 3,Ninja Gaiden 3
NINJA GAIDEN 3: Razor's Edge,Ninja Gaiden 3
NINJA GAIDEN Σ PLUS,Ninja Gaiden Sigma 2
NINJA GAIDEN Σ2,Ninja Gaiden Sigma 2
NINJA GAIDEN Σ2 PLUS,Ninja Gaiden Sigma 2
OKAMI HD,Okami
ONE PIECE: PIRATE WARRIORS,One Piece: Pirate Warriors
ONE PIECE: PIRATE WARRIORS 2,One Piece: Pirate Warriors 2
PAC-MAN and the Ghostly Adventures,Pac-Man and the Ghostly Adventures
PAC-MAN Championship Edition DX+,Pac-Man and the Ghostly Adventures 2
Painkiller Hell & Damnation,Painkiller: Hell & Damnation
PAYDAY 2,Payday 2
PAYDAY: The Heist,Payday 2
Persona 4 ARENA,Persona 4 Arena
Persona 4 Arena Ultimax,Persona 4 Arena
Persona 4 Golden,Persona 4 Arena
PhantomBreaker:BattleGrounds,Persona 4 Arena
Phineas and Ferb Across the 2nd Dimension,Persona 4 Arena
Pictionary,Pictionary: Ultimate Edition
Pinball Hall of Fame: ,Pinball Hall of Fame: The Williams Collection
Planet 51: THE GAME,Planet 51
Plants Vs. Zombies,Plants vs. Zombies
PlayStationMove Heroes,PlayStation Move Heroes
Prince of Persia,Prince of Persia (1989)
Prince of Persia: The Sands of Time,Prince of Persia Trilogy
Prince of Persia: The Two Thrones,Prince of Persia Trilogy
Prince of Persia: Warrior Within,Prince of Persia Trilogy
Prince of Persia The Forgotten Sands,Prince of Persia: The Forgotten Sands
[PROTOTYPE,Prototype
[PROTOTYPE2,Prototype 2
Pure Football,Pure Futbol
QUANTUM THEORY,Quantum Theory
Racket Sports,Racquet Sports
Ragnarok Odyssey ACE,Ragnarok Odyssey
rain,Rain
Rango,Rango (2011)
Rapala Pro Bass Fishing,Rapala's Fishing Frenzy
Ratchet & Clank,Ratchet & Clank Collection
Ratchet & Clank 2,Ratchet & Clank Future: A Crack in Time
Ratchet & Clank: A Crack in Time,Ratchet & Clank Future: A Crack in Time
Ratchet & Clank 3: Up Your Arsenal,Ratchet & Clank Future: Quest for Booty
Agarest: Generation of War 2,Record of Agarest War 2
Agarest Generations of War Zero,Record of Agarest War Zero
Red Faction: Battlegrounds,Red Faction: Armageddon
Remember Me ,Remember Me
resident evil 4,Resident Evil
RESIDENT EVIL CODE: Veronica X,Resident Evil
RESIDENT EVIL 5,Resident Evil 5
RESIDENT EVIL 6,Resident Evil 6
Resident Evil: The Darkside Chronicles,Resident Evil: Chronicles HD Collection
Resident Evil: The Umbrella Chronicles,Resident Evil: Chronicles HD Collection
Resident Evil Revelations,Resident Evil: Revelations
Resistance: Burning Skies,Resistance Dual Pack
ROBOTICS;NOTES,Robotics;Notes
Rock Band Country Track Pack 2,Rock Band: Country Track Pack 2
Rocksmith 2014,Rocksmith 2014 Edition
RUGBY CHALLENGE,Rugby Challenge
Rugby League Live 2,Rugby League Live
Rugby League Live 2 - World Cup Edition,Rugby League Live
Sacred 2 - Fallen Angel,Sacred 2: Fallen Angel
Sacred Citadel,Sacred 3
Saints Row IV: Re-elected,Saints Row IV
Saints Row: Gat out of Hell,Saints Row: Gat Out of Hell
SAMURAI WARRIORS 4,Samurai Warriors 4
SAW,Saw
SAW 2,Saw II: Flesh & Blood
SBK09 Superbike World Championship,SBK-09 Superbike World Championship
Sengoku BASARA: Samurai Heroes,Sengoku Basara: Samurai Heroes
Silent Hill 2 HD,Silent Hill HD Collection
Silent Hill 3 HD,Silent Hill HD Collection
Silent Hill Downpour,Silent Hill: Downpour
Ski-Doo Snowmobile Challenge,Ski Doo: Snowmobile Challenge
Skylanders Spyro's Adventure,Skylanders Giants
Skylanders SWAP Force,Skylanders Swap Force
Sleeping Dogs: Definitive Edition,Sleeping Dogs
Sly 2,Sly 2: Band of Thieves
SOCOM: Special Forces,SOCOM 4: U.S. Navy SEALs
SOCOM: U.S. NAVY SEALS CONFRONTATION,SOCOM: U.S. Navy SEALs Confrontation
SONIC GENERATIONS,Sonic Generations
Sonic The Hedgehog,Sonic the Hedgehog
Sonic The Hedgehog 2,Sonic the Hedgehog
SONIC THE HEDGEHOG 4 Episode I,Sonic the Hedgehog
SONIC THE HEDGEHOG 4 Episode II,Sonic the Hedgehog
SONIC UNLEASHED,Sonic Unleashed
SOULCALIBUR Lost Swords,SoulCalibur IV
SOULCALIBUR Ⅴ,SoulCalibur V
SPLATTERHOUSE,Splatterhouse
Sports Champions 2,Sports Champions
STAR OCEAN THE LAST HOPE -INTERNATIONAL-,Star Ocean: The Last Hope
Star Trek,Star Trek The Video Game
Star Trek: D·A·C,Star Trek The Video Game
Start the Party!,Start the Party
STREET FIGHTER Ⅳ Trophy pack.,Street Fighter IV
STREET FIGHTER X TEKKEN,Street Fighter X Tekken
Summer Challenge,Summer Challenge: Athletics Tournament
Supercar Challenge,SuperCar Challenge
Tales of Graces f,Tales of Graces F
Tales of Symphonia Dawn of the New World,Tales of Symphonia
TEKKEN 6,Tekken 6
TEKKEN REVOLUTION,Tekken Hybrid
TEKKEN TAG TOURNAMENT 2,Tekken Tag Tournament 2
TEKKEN TAG TOURNAMENT 2 PROLOGUE,Tekken Tag Tournament 2
TEKKEN TAG TOURNAMENT HD,Tekken Tag Tournament 2
The Adventures of Tintin: The Secret of the Unicorn,The Adventures of Tintin: The Game
Skyrim,The Elder Scrolls V: Skyrim
THE EYE OF JUDGMENT,The Eye of Judgment: Legends
The House of the Dead: OVERKILL Extended Cut,The House of the Dead: Overkill - Extended Cut
THE KING OF FIGHTERS XII,The King of Fighters XII
THE KING OF FIGHTERS XIII,The King of Fighters XIII
The Last of Us Remastered,The Last of Us
The Penguins of Madagascar,The Penguins of Madagascar: Dr. Blowhole Returns - Again!
The Sims 3 Pets,The Sims 3
The testament of Sherlock Holmes,The Testament of Sherlock Holmes
The Walking Dead,The Walking Dead: A Telltale Games Series
The Walking Dead: Season 2,The Walking Dead: Season Two - A Telltale Games Series
The Walking Dead : Survival Instinct,The Walking Dead: Survival Instinct
Tiger Woods PGA TOUR 10,Tiger Woods PGA Tour 10
Tiger Woods PGA TOUR 11,Tiger Woods PGA Tour 11
Tiger Woods PGA TOUR 12: The Masters,Tiger Woods PGA Tour 12: The Masters
Tiger Woods PGA TOUR 13,Tiger Woods PGA Tour 13
Tiger Woods PGA TOUR 14,Tiger Woods PGA Tour 14
TIME CRISIS 4 Arcade Ver.,Time Crisis 4
Tom Clancy's Ghost Recon Future Soldier,Tom Clancy's Ghost Recon: Future Soldier
Tom Clancy’s H.A.W.X,Tom Clancy's HAWX
Tom Clancy's H.A.W.X. 2,Tom Clancy's HAWX 2
Tom Clancy's Splinter Cell Chaos Theory HD,Tom Clancy's Splinter Cell Trilogy
Tom Clancy's Splinter Cell HD,Tom Clancy's Splinter Cell Trilogy
Tom Clancy's Splinter Cell Pandora Tomorrow HD,Tom Clancy's Splinter Cell Trilogy
Tom Clancy's Splinter Cell Blacklist,Tom Clancy's Splinter Cell: Blacklist
Tomb Raider: Anniversary,Tomb Raider
Tomb Raider: Definitive Edition,Tomb Raider
Tomb Raider: Legend,Tomb Raider
Tony Hawk: RIDE,Tony Hawk Ride
TRANSFORMERS: Fall of Cybertron,Transformers: Fall of Cybertron
Transformers: Revenge of The Fallen,Transformers: Revenge of the Fallen
TRANSFORMERS: Rise of the Dark Spark,Transformers: Rise of the Dark Spark
TRINITY Souls of Zill O'll,Trinity: Souls of Zill O'll
TRINITY: Souls of Zill O'll,Trinity: Souls of Zill O'll
Tron: Evolution,TRON: Evolution
UFC Personal Trainer,UFC Personal Trainer: The Ultimate Fitness System
UFC 2009 Undisputed,UFC Undisputed 2009
ULTIMATE MARVEL VS. CAPCOM 3,Ultimate Marvel vs. Capcom 3
Uncharted 2: Among Thieves ,Uncharted 2: Among Thieves
Uncharted: Golden Abyss,Uncharted: Drake's Fortune
VANQUISH,Vanquish
Wanted,Wanted: Weapons of Fate
Warhawk,WarHawk
WARRIORS OROCHI 3,Warriors Orochi 3
WARRIORS OROCHI 3 Ultimate,Warriors Orochi 3
WATCH_DOGS,Watch Dogs
Watchmen: The End Is Nigh Part 2,Watchmen: The End Is Nigh Complete Experience
WET,Wet
White Knight Chronicles Ⅱ,White Knight Chronicles II
White Knight Chronicles,White Knight Chronicles International Edition
WipEout 2048,Wipeout 2
WipEout HD,Wipeout 2
Wolfenstein 3D,Wolfenstein
Wonderbook: Walking with Dinosaurs,Wonderbook: Book of Spells
WORLD SOCCER Winning Eleven 2010,World Soccer Winning Eleven 2010: Aoki Samurai no Chousen
Worms 2: Armageddon,Worms
Worms Battlegrounds,Worms
Worms Crazy Golf,Worms
Worms Revolution,Worms
Worms Ultimate Mayhem,Worms
WSC Real 2011,WSC Real 11: World Snooker Championship
WWE Legends Of WrestleMania,WWE All Stars
WWE SmackDown vs. RAW 2010,WWE SmackDown vs. Raw 2010
WWE SmackDown vs. RAW 2011,WWE SmackDown vs. Raw 2011
X-MEN,X-Men: Destiny
XCOM: Enemy Within,XCOM: Enemy Unknown
YAKUZA 3,Yakuza 3
YAKUZA 4,Yakuza 4
YAKUZA: Dead Souls,Yakuza: Dead Souls
